Altium Designer Pick and Place Locations
C:\Users\Sampath Kumar\Desktop\NikeReturn\Commutator\Top PCB\Project Outputs for Commutator top PCB\Pick Place for Commutator_V1.csv

========================================================================================================================
File Design Information:

Date:       15/06/23
Time:       13:03
Revision:   Not in VersionControl
Variant:    No variations
Units used: mm

"Designator","Comment","Layer","Footprint","Center-X(mm)","Center-Y(mm)","Rotation","Description"
"JP2","JP2","TopLayer","HDR_1x2_2R54_V_M_S","47.6089","58.7375","0",""
"JP1","JP2","TopLayer","HDR_1x2_2R54_V_M_S","47.6089","62.6281","0",""
"C2","","TopLayer","FP-C1206C-EH-MFG","14.5236","64.7700","90","CAP CER 100UF 6.3V X5R 1206"
"SW1","1825232-1","TopLayer","FP-1825232-1-MFG","10.3986","57.0550","90","SWITCH SLIDE SPDT 200MA 30V"
"OE2_TOP","B06B-XASK-1(LF)(SN)","TopLayer","FP-B06B-XASK-1_LF_SN-MFG","39.4966","22.4049","270","CONN HEADER VERT 6POS 2.5MM"
"OE2_BOT","B06B-XASK-1(LF)(SN)","TopLayer","FP-B06B-XASK-1_LF_SN-MFG","46.7198","22.4049","90","CONN HEADER VERT 6POS 2.5MM"
"OE2","RHD2000-CABLE-DAQ-SIDE","TopLayer","RHD2000_EVAL_BOARD_OMNETICS_PZN-12-AA","43.2087","11.3665","180","Omnetics PZN-12-AA RHD2000 socket - DAQ side"
"StepperOut","282834-4","TopLayer","2828344","61.7889","52.4015","90","Connector"
"GPIO","282834-2","TopLayer","282834-2_1","11.5311","18.7325","270","Connector"
"XIAO_R","61300711121","TopLayer","61300711121","18.2480","48.7627","0","THT Vertical Pin Header WR-PHD, Pitch 2.54 mm, Single Row, 7 pins"
"XIAO_L","61300711121","TopLayer","61300711121","18.2480","33.5144","0","THT Vertical Pin Header WR-PHD, Pitch 2.54 mm, Single Row, 7 pins"
"MiniScope","132136RP","TopLayer","132136RP","29.4228","15.5575","270","Connector"
"MCU_OUT2","B04B-XASK-1(LF)(SN)","TopLayer","FP-B04B-XASK-1_LF_SN-MFG","17.3254","28.2575","0","CONN HEADER VERT 4POS 2.5MM"
"MCU_OUT1","B04B-XASK-1(LF)(SN)","TopLayer","FP-B04B-XASK-1_LF_SN-MFG","18.5354","16.8875","90","CONN HEADER VERT 4POS 2.5MM"
"M_Right","5-535541-6","TopLayer","RHDR8W76P0X254_1X8_2032X356X673P","42.6596","56.5150","90","Connector"
"M_Left","5-535541-6","TopLayer","RHDR8W76P0X254_1X8_2032X356X673P","55.1796","56.5150","90","Connector"
"J1","694106301002","TopLayer","694106301002","32.0479","60.8600","180","DC Power Jack Connector WR-DC, Male, Right Angled, THT, 5 A, 24 V"
"IC1","MC7805BDTRKG","TopLayer","LM317MADTRKG","20.5028","60.8625","90","Integrated Circuit"
"C1","","TopLayer","FP-C1206C-EH-MFG","26.3525","64.7700","90","CAP CER 100UF 6.3V X5R 1206"
"OE1","RHD2000-CABLE-DAQ-SIDE","TopLayer","RHD2000_EVAL_BOARD_OMNETICS_PZN-12-AA","57.8137","11.3665","180","Omnetics PZN-12-AA RHD2000 socket - DAQ side"
"OE1_BOT","B06B-XASK-1(LF)(SN)","TopLayer","FP-B06B-XASK-1_LF_SN-MFG","61.3248","22.4049","90","CONN HEADER VERT 6POS 2.5MM"
"OE1_TOP","B06B-XASK-1(LF)(SN)","TopLayer","FP-B06B-XASK-1_LF_SN-MFG","54.1016","22.4049","270","CONN HEADER VERT 6POS 2.5MM"
